{
  "data": [
    {
      "x": [
        2,
        1.8,
        1.5,
        1.3,
        1,
        0.7,
        0.7,
        0.8,
        0.8,
        0.9,
        1,
        0.9,
        0.7,
        0.5,
        0.4,
        0.4,
        0.3,
        0.3,
        0.5,
        0.7,
        0.9,
        1,
        1.2,
        1.4,
        1.3,
        1.1,
        1,
        0.9,
        0.8,
        0.5,
        0.6,
        0.7,
        0.9,
        1,
        1.1,
        1.1,
        1,
        0.9,
        0.8,
        0.7,
        0.6,
        0.5,
        0.7,
        0.9,
        1.1,
        1.3,
        1.5,
        1.6,
        1.5,
        1.5,
        1.4,
        1.3,
        1.2,
        1.2,
        1.2,
        1.2,
        1.3,
        1.3,
        1.3,
        1.3,
        1.2,
        1.2,
        0.9,
        0.8,
        0.8,
        0.7,
        0.8,
        1.4,
        1.7,
        1.7,
        1.6,
        1.6,
        1.5,
        1.4,
        1.4,
        1.2,
        0.9,
        0.7,
        1,
        1.3,
        1.6,
        1.5,
        1.4,
        1.3,
        1.3,
        1.2,
        1.2,
        1.2,
        0.6,
        0.6,
        0.8,
        0.9,
        1.1,
        1.6,
        2.1,
        2.6,
        1.8,
        1.1,
        1.1,
        1.2,
        1.2,
        1.3,
        1.3,
        1.3,
        1.3,
        1,
        1.1,
        1.1,
        1.2,
        1.1,
        1,
        0.9,
        0.8,
        0.7,
        0.9,
        1.1,
        1.3,
        1.5
      ],
      "type": "histogram",
      "xbins": {
        "size": 0.11500000000000002
      }
    }
  ],
  "layout": {
    "title": "Histogram of Velocity_of_the_Wind for SAN GIL (CV = 34.56%)",
    "xaxis": {
      "title": "Velocity_of_the_Wind"
    },
    "yaxis": {
      "title": "Frequency"
    },
    "margin": {
      "top": 20,
      "right": 20,
      "bottom": 30,
      "left": 40
    }
  },
  "weibull_params": {
    "k": 3.1426578834874177,
    "c": 1.2320586621345864
  },
  "probability_distribution": {
    "x": [
      0,
      0.1,
      0.2,
      0.30000000000000004,
      0.4,
      0.5,
      0.6,
      0.7,
      0.7999999999999999,
      0.8999999999999999,
      0.9999999999999999,
      1.0999999999999999,
      1.2,
      1.3,
      1.4000000000000001,
      1.5000000000000002,
      1.6000000000000003,
      1.7000000000000004,
      1.8000000000000005,
      1.9000000000000006,
      2.0000000000000004,
      2.1000000000000005,
      2.2000000000000006,
      2.3000000000000007,
      2.400000000000001,
      2.500000000000001
    ],
    "y": [
      0,
      0.011739605056272893,
      0.0516876483786368,
      0.12217938937614639,
      0.22241607830437565,
      0.34829454530561266,
      0.4918835676403987,
      0.641348100903541,
      0.7816960457320259,
      0.8965264699895892,
      0.9706665255369895,
      0.9932184354109014,
      0.9602204964350088,
      0.8760267521640641,
      0.7527588179866448,
      0.6077697852139274,
      0.45978351994293615,
      0.32490437971993913,
      0.21374676935369227,
      0.1304535794177597,
      0.07359135626499401,
      0.038225781914215794,
      0.01821127093763686,
      0.007925596384324714,
      0.0031379671054719187,
      0.0011255745941162112
    ]
  },
  "whisker_plot_data": {
    "min": 0.3,
    "q1": 0.8,
    "median": 1.1,
    "q3": 1.3,
    "max": 2.6
  }
}